Checklist	ERC000011:1.3	ENA default sample checklist							
tax_id	scientific_name	sample_alias	sample_title	sample_description	collection date	geographic location (country and/or sea)	lat_lon	geographic location (region and locality)	environmental_sample
#units									
									
									
									
									
									
									
									
									
									
									
									
									
									
									
									
									
									
									
									
									
									
									
									
									
									
									
									
									
									
									
									
									
									
									
									
									
									
									
									
									
									
									
									
									
									
									
									
									
									
									
									
									
									
									
									
									
									
									
									
									
									
									
									
									
									
									
									
									
									
									
									
									
									
									
									
									
									
									
									
									
									
									
									
									
									
									
									
									
									
									
									
									
