sample	study	instrument_model	library_name	library_source	library_selection	library_strategy	library_layout	forward_file_name	forward_file_md5	reverse_file_name	reverse_file_md5	FWD_NAME1	FWD_SEQ1	REV_NAME1	REV_SEQ1
															
															
															
															
															
															
															
															
															
															
															
															
															
															
															
															
															
															
															
															
															
															
															
															
															
															
															
															
															
															
															
															
															
															
															
															
															
															
															
															
															
															
															
															
															
															
															
															
															
															
															
															
															
															
															
															
															
															
															
															
															
															
															
															
															
															
															
															
